Workbook

Sheet 집계
C3: 수량 | D3: 가 | F3: 나 | H3: 다 | J3: 계
A4: 1 | B4: A | C4: 5 | D4: =대가!E5 -> 2.5 | E4: =D4*C4 -> 12.5 | F4: =대가!G5 -> 3 | G4: =F4*C4 -> 15 | H4: =대가!I5 -> 4 | I4: =H4*C4 -> 20 | J4: =D4+F4+H4 -> 9.5 | K4: =E4+G4+I4 -> 47.5
A5: 2 | B5: B | C5: 10 | D5: =대가!E9 -> 21 | E5: =D5*C5 -> 210 | F5: =대가!G9 -> 4.5 | G5: =F5*C5 -> 45 | H5: =대가!I9 -> 11 | I5: =H5*C5 -> 110 | J5: =D5+F5+H5 -> 36.5 | K5: =E5+G5+I5 -> 365

Sheet 대가
C2: 수량 | D2: 가 | F2: 나 | H2: 다 | J2: 계
B3: A | C3: 0.5 | D3: 1 | E3: =D3*C3 -> 0.5 | F3: 2 | G3: 2 | H3: 2 | I3: =H3*C3 -> 1 | J3: =E3+G3+I3 -> 3.5
C4: 1 | D4: 2 | E4: =D4*C4 -> 2 | F4: 1 | G4: =F4*C4 -> 1 | H4: 3 | I4: =H4*C4 -> 3 | J4: =E4+G4+I4 -> 6
C5: 계 | E5: =E3+E4 -> 2.5 | G5: =G3+G4 -> 3 | I5: =I3+I4 -> 4 | J5: =E5+G5+I5 -> 9.5
B7: B | C7: 1 | D7: 3 | E7: =D7*C7 -> 3 | F7: 3 | G7: =F7*C7 -> 3 | H7: 2 | I7: =H7*C7 -> 2 | J7: =E7+G7+I7 -> 8
C8: 1.5 | D8: 12 | E8: =D8*C8 -> 18 | F8: 1 | G8: =F8*C8 -> 1.5 | H8: 6 | I8: =H8*C8 -> 9 | J8: =E8+G8+I8 -> 28.5
C9: 계 | E9: =E7+E8 -> 21 | G9: =G7+G8 -> 4.5 | I9: =I7+I8 -> 11 | J9: =E9+G9+I9 -> 36.5
